,vgi,vge,vsn
0,0.017037733592451004,0.02063266338368368,0.13043312135033444
